kyc_id,customer_id,full_name,date_of_birth,nationality,id_type,id_number,id_expiry,address,verification_status,verification_date,risk_rating
ID000001,ID000001,Demo Full_Name 1,2026-03-02,nationality_1,ID000001,ID000001,ID000001,address_1,completed,2026-03-02,risk_rating_1
ID000002,ID000002,Demo Full_Name 2,2026-03-03,nationality_2,ID000002,ID000002,ID000002,address_2,approved,2026-03-03,risk_rating_2
ID000003,ID000003,Demo Full_Name 3,2026-03-04,nationality_3,ID000003,ID000003,ID000003,address_3,approved,2026-03-04,risk_rating_3
ID000004,ID000004,Demo Full_Name 4,2026-03-05,nationality_4,ID000004,ID000004,ID000004,address_4,pending,2026-03-05,risk_rating_4
ID000005,ID000005,Demo Full_Name 5,2026-03-06,nationality_5,ID000005,ID000005,ID000005,address_5,completed,2026-03-06,risk_rating_5
ID000006,ID000006,Demo Full_Name 6,2026-03-07,nationality_6,ID000006,ID000006,ID000006,address_6,approved,2026-03-07,risk_rating_6
ID000007,ID000007,Demo Full_Name 7,2026-03-08,nationality_7,ID000007,ID000007,ID000007,address_7,completed,2026-03-08,risk_rating_7
ID000008,ID000008,Demo Full_Name 8,2026-03-09,nationality_8,ID000008,ID000008,ID000008,address_8,completed,2026-03-09,risk_rating_8
ID000009,ID000009,Demo Full_Name 9,2026-03-10,nationality_9,ID000009,ID000009,ID000009,address_9,approved,2026-03-10,risk_rating_9
ID000010,ID000010,Demo Full_Name 10,2026-03-11,nationality_10,ID000010,ID000010,ID000010,address_10,completed,2026-03-11,risk_rating_10
ID000011,ID000011,Demo Full_Name 11,2026-03-12,nationality_11,ID000011,ID000011,ID000011,address_11,pending,2026-03-12,risk_rating_11
ID000012,ID000012,Demo Full_Name 12,2026-03-13,nationality_12,ID000012,ID000012,ID000012,address_12,completed,2026-03-13,risk_rating_12
ID000013,ID000013,Demo Full_Name 13,2026-03-14,nationality_13,ID000013,ID000013,ID000013,address_13,rejected,2026-03-14,risk_rating_13
ID000014,ID000014,Demo Full_Name 14,2026-03-15,nationality_14,ID000014,ID000014,ID000014,address_14,approved,2026-03-15,risk_rating_14
ID000015,ID000015,Demo Full_Name 15,2026-03-16,nationality_15,ID000015,ID000015,ID000015,address_15,pending,2026-03-16,risk_rating_15
ID000016,ID000016,Demo Full_Name 16,2026-03-17,nationality_16,ID000016,ID000016,ID000016,address_16,completed,2026-03-17,risk_rating_16
ID000017,ID000017,Demo Full_Name 17,2026-03-18,nationality_17,ID000017,ID000017,ID000017,address_17,pending,2026-03-18,risk_rating_17
ID000018,ID000018,Demo Full_Name 18,2026-03-19,nationality_18,ID000018,ID000018,ID000018,address_18,rejected,2026-03-19,risk_rating_18
ID000019,ID000019,Demo Full_Name 19,2026-03-20,nationality_19,ID000019,ID000019,ID000019,address_19,pending,2026-03-20,risk_rating_19
ID000020,ID000020,Demo Full_Name 20,2026-03-21,nationality_20,ID000020,ID000020,ID000020,address_20,approved,2026-03-21,risk_rating_20
ID000021,ID000021,Demo Full_Name 21,2026-03-22,nationality_21,ID000021,ID000021,ID000021,address_21,approved,2026-03-22,risk_rating_21
ID000022,ID000022,Demo Full_Name 22,2026-03-23,nationality_22,ID000022,ID000022,ID000022,address_22,pending,2026-03-23,risk_rating_22
ID000023,ID000023,Demo Full_Name 23,2026-03-24,nationality_23,ID000023,ID000023,ID000023,address_23,pending,2026-03-24,risk_rating_23
ID000024,ID000024,Demo Full_Name 24,2026-03-25,nationality_24,ID000024,ID000024,ID000024,address_24,approved,2026-03-25,risk_rating_24
ID000025,ID000025,Demo Full_Name 25,2026-03-26,nationality_25,ID000025,ID000025,ID000025,address_25,rejected,2026-03-26,risk_rating_25
ID000026,ID000026,Demo Full_Name 26,2026-03-27,nationality_26,ID000026,ID000026,ID000026,address_26,rejected,2026-03-27,risk_rating_26
ID000027,ID000027,Demo Full_Name 27,2026-03-28,nationality_27,ID000027,ID000027,ID000027,address_27,approved,2026-03-28,risk_rating_27
ID000028,ID000028,Demo Full_Name 28,2026-03-01,nationality_28,ID000028,ID000028,ID000028,address_28,pending,2026-03-01,risk_rating_28
ID000029,ID000029,Demo Full_Name 29,2026-03-02,nationality_29,ID000029,ID000029,ID000029,address_29,pending,2026-03-02,risk_rating_29
ID000030,ID000030,Demo Full_Name 30,2026-03-03,nationality_30,ID000030,ID000030,ID000030,address_30,rejected,2026-03-03,risk_rating_30
ID000031,ID000031,Demo Full_Name 31,2026-03-04,nationality_31,ID000031,ID000031,ID000031,address_31,rejected,2026-03-04,risk_rating_31
ID000032,ID000032,Demo Full_Name 32,2026-03-05,nationality_32,ID000032,ID000032,ID000032,address_32,approved,2026-03-05,risk_rating_32
ID000033,ID000033,Demo Full_Name 33,2026-03-06,nationality_33,ID000033,ID000033,ID000033,address_33,completed,2026-03-06,risk_rating_33
ID000034,ID000034,Demo Full_Name 34,2026-03-07,nationality_34,ID000034,ID000034,ID000034,address_34,rejected,2026-03-07,risk_rating_34
ID000035,ID000035,Demo Full_Name 35,2026-03-08,nationality_35,ID000035,ID000035,ID000035,address_35,rejected,2026-03-08,risk_rating_35
ID000036,ID000036,Demo Full_Name 36,2026-03-09,nationality_36,ID000036,ID000036,ID000036,address_36,approved,2026-03-09,risk_rating_36
ID000037,ID000037,Demo Full_Name 37,2026-03-10,nationality_37,ID000037,ID000037,ID000037,address_37,pending,2026-03-10,risk_rating_37
ID000038,ID000038,Demo Full_Name 38,2026-03-11,nationality_38,ID000038,ID000038,ID000038,address_38,approved,2026-03-11,risk_rating_38
ID000039,ID000039,Demo Full_Name 39,2026-03-12,nationality_39,ID000039,ID000039,ID000039,address_39,pending,2026-03-12,risk_rating_39
ID000040,ID000040,Demo Full_Name 40,2026-03-13,nationality_40,ID000040,ID000040,ID000040,address_40,rejected,2026-03-13,risk_rating_40
ID000041,ID000041,Demo Full_Name 41,2026-03-14,nationality_41,ID000041,ID000041,ID000041,address_41,pending,2026-03-14,risk_rating_41
ID000042,ID000042,Demo Full_Name 42,2026-03-15,nationality_42,ID000042,ID000042,ID000042,address_42,rejected,2026-03-15,risk_rating_42
ID000043,ID000043,Demo Full_Name 43,2026-03-16,nationality_43,ID000043,ID000043,ID000043,address_43,approved,2026-03-16,risk_rating_43
ID000044,ID000044,Demo Full_Name 44,2026-03-17,nationality_44,ID000044,ID000044,ID000044,address_44,approved,2026-03-17,risk_rating_44
ID000045,ID000045,Demo Full_Name 45,2026-03-18,nationality_45,ID000045,ID000045,ID000045,address_45,pending,2026-03-18,risk_rating_45
ID000046,ID000046,Demo Full_Name 46,2026-03-19,nationality_46,ID000046,ID000046,ID000046,address_46,rejected,2026-03-19,risk_rating_46
ID000047,ID000047,Demo Full_Name 47,2026-03-20,nationality_47,ID000047,ID000047,ID000047,address_47,approved,2026-03-20,risk_rating_47
ID000048,ID000048,Demo Full_Name 48,2026-03-21,nationality_48,ID000048,ID000048,ID000048,address_48,completed,2026-03-21,risk_rating_48
ID000049,ID000049,Demo Full_Name 49,2026-03-22,nationality_49,ID000049,ID000049,ID000049,address_49,pending,2026-03-22,risk_rating_49
ID000050,ID000050,Demo Full_Name 50,2026-03-23,nationality_50,ID000050,ID000050,ID000050,address_50,rejected,2026-03-23,risk_rating_50
ID000051,ID000051,Demo Full_Name 51,2026-03-24,nationality_51,ID000051,ID000051,ID000051,address_51,approved,2026-03-24,risk_rating_51
ID000052,ID000052,Demo Full_Name 52,2026-03-25,nationality_52,ID000052,ID000052,ID000052,address_52,approved,2026-03-25,risk_rating_52
ID000053,ID000053,Demo Full_Name 53,2026-03-26,nationality_53,ID000053,ID000053,ID000053,address_53,completed,2026-03-26,risk_rating_53
ID000054,ID000054,Demo Full_Name 54,2026-03-27,nationality_54,ID000054,ID000054,ID000054,address_54,rejected,2026-03-27,risk_rating_54
ID000055,ID000055,Demo Full_Name 55,2026-03-28,nationality_55,ID000055,ID000055,ID000055,address_55,approved,2026-03-28,risk_rating_55
ID000056,ID000056,Demo Full_Name 56,2026-03-01,nationality_56,ID000056,ID000056,ID000056,address_56,approved,2026-03-01,risk_rating_56
ID000057,ID000057,Demo Full_Name 57,2026-03-02,nationality_57,ID000057,ID000057,ID000057,address_57,approved,2026-03-02,risk_rating_57
ID000058,ID000058,Demo Full_Name 58,2026-03-03,nationality_58,ID000058,ID000058,ID000058,address_58,rejected,2026-03-03,risk_rating_58
ID000059,ID000059,Demo Full_Name 59,2026-03-04,nationality_59,ID000059,ID000059,ID000059,address_59,completed,2026-03-04,risk_rating_59
ID000060,ID000060,Demo Full_Name 60,2026-03-05,nationality_60,ID000060,ID000060,ID000060,address_60,pending,2026-03-05,risk_rating_60
ID000061,ID000061,Demo Full_Name 61,2026-03-06,nationality_61,ID000061,ID000061,ID000061,address_61,completed,2026-03-06,risk_rating_61
ID000062,ID000062,Demo Full_Name 62,2026-03-07,nationality_62,ID000062,ID000062,ID000062,address_62,completed,2026-03-07,risk_rating_62
ID000063,ID000063,Demo Full_Name 63,2026-03-08,nationality_63,ID000063,ID000063,ID000063,address_63,completed,2026-03-08,risk_rating_63
ID000064,ID000064,Demo Full_Name 64,2026-03-09,nationality_64,ID000064,ID000064,ID000064,address_64,completed,2026-03-09,risk_rating_64
ID000065,ID000065,Demo Full_Name 65,2026-03-10,nationality_65,ID000065,ID000065,ID000065,address_65,pending,2026-03-10,risk_rating_65
ID000066,ID000066,Demo Full_Name 66,2026-03-11,nationality_66,ID000066,ID000066,ID000066,address_66,approved,2026-03-11,risk_rating_66
ID000067,ID000067,Demo Full_Name 67,2026-03-12,nationality_67,ID000067,ID000067,ID000067,address_67,approved,2026-03-12,risk_rating_67
ID000068,ID000068,Demo Full_Name 68,2026-03-13,nationality_68,ID000068,ID000068,ID000068,address_68,approved,2026-03-13,risk_rating_68
ID000069,ID000069,Demo Full_Name 69,2026-03-14,nationality_69,ID000069,ID000069,ID000069,address_69,completed,2026-03-14,risk_rating_69
ID000070,ID000070,Demo Full_Name 70,2026-03-15,nationality_70,ID000070,ID000070,ID000070,address_70,pending,2026-03-15,risk_rating_70
ID000071,ID000071,Demo Full_Name 71,2026-03-16,nationality_71,ID000071,ID000071,ID000071,address_71,approved,2026-03-16,risk_rating_71
ID000072,ID000072,Demo Full_Name 72,2026-03-17,nationality_72,ID000072,ID000072,ID000072,address_72,rejected,2026-03-17,risk_rating_72
ID000073,ID000073,Demo Full_Name 73,2026-03-18,nationality_73,ID000073,ID000073,ID000073,address_73,rejected,2026-03-18,risk_rating_73
ID000074,ID000074,Demo Full_Name 74,2026-03-19,nationality_74,ID000074,ID000074,ID000074,address_74,pending,2026-03-19,risk_rating_74
ID000075,ID000075,Demo Full_Name 75,2026-03-20,nationality_75,ID000075,ID000075,ID000075,address_75,completed,2026-03-20,risk_rating_75
ID000076,ID000076,Demo Full_Name 76,2026-03-21,nationality_76,ID000076,ID000076,ID000076,address_76,completed,2026-03-21,risk_rating_76
ID000077,ID000077,Demo Full_Name 77,2026-03-22,nationality_77,ID000077,ID000077,ID000077,address_77,pending,2026-03-22,risk_rating_77
ID000078,ID000078,Demo Full_Name 78,2026-03-23,nationality_78,ID000078,ID000078,ID000078,address_78,rejected,2026-03-23,risk_rating_78
ID000079,ID000079,Demo Full_Name 79,2026-03-24,nationality_79,ID000079,ID000079,ID000079,address_79,approved,2026-03-24,risk_rating_79
ID000080,ID000080,Demo Full_Name 80,2026-03-25,nationality_80,ID000080,ID000080,ID000080,address_80,approved,2026-03-25,risk_rating_80
ID000081,ID000081,Demo Full_Name 81,2026-03-26,nationality_81,ID000081,ID000081,ID000081,address_81,completed,2026-03-26,risk_rating_81
ID000082,ID000082,Demo Full_Name 82,2026-03-27,nationality_82,ID000082,ID000082,ID000082,address_82,rejected,2026-03-27,risk_rating_82
ID000083,ID000083,Demo Full_Name 83,2026-03-28,nationality_83,ID000083,ID000083,ID000083,address_83,completed,2026-03-28,risk_rating_83
ID000084,ID000084,Demo Full_Name 84,2026-03-01,nationality_84,ID000084,ID000084,ID000084,address_84,pending,2026-03-01,risk_rating_84
ID000085,ID000085,Demo Full_Name 85,2026-03-02,nationality_85,ID000085,ID000085,ID000085,address_85,approved,2026-03-02,risk_rating_85
ID000086,ID000086,Demo Full_Name 86,2026-03-03,nationality_86,ID000086,ID000086,ID000086,address_86,rejected,2026-03-03,risk_rating_86
ID000087,ID000087,Demo Full_Name 87,2026-03-04,nationality_87,ID000087,ID000087,ID000087,address_87,completed,2026-03-04,risk_rating_87
ID000088,ID000088,Demo Full_Name 88,2026-03-05,nationality_88,ID000088,ID000088,ID000088,address_88,approved,2026-03-05,risk_rating_88
ID000089,ID000089,Demo Full_Name 89,2026-03-06,nationality_89,ID000089,ID000089,ID000089,address_89,completed,2026-03-06,risk_rating_89
ID000090,ID000090,Demo Full_Name 90,2026-03-07,nationality_90,ID000090,ID000090,ID000090,address_90,approved,2026-03-07,risk_rating_90
ID000091,ID000091,Demo Full_Name 91,2026-03-08,nationality_91,ID000091,ID000091,ID000091,address_91,rejected,2026-03-08,risk_rating_91
ID000092,ID000092,Demo Full_Name 92,2026-03-09,nationality_92,ID000092,ID000092,ID000092,address_92,completed,2026-03-09,risk_rating_92
ID000093,ID000093,Demo Full_Name 93,2026-03-10,nationality_93,ID000093,ID000093,ID000093,address_93,pending,2026-03-10,risk_rating_93
ID000094,ID000094,Demo Full_Name 94,2026-03-11,nationality_94,ID000094,ID000094,ID000094,address_94,approved,2026-03-11,risk_rating_94
ID000095,ID000095,Demo Full_Name 95,2026-03-12,nationality_95,ID000095,ID000095,ID000095,address_95,completed,2026-03-12,risk_rating_95
ID000096,ID000096,Demo Full_Name 96,2026-03-13,nationality_96,ID000096,ID000096,ID000096,address_96,pending,2026-03-13,risk_rating_96
ID000097,ID000097,Demo Full_Name 97,2026-03-14,nationality_97,ID000097,ID000097,ID000097,address_97,completed,2026-03-14,risk_rating_97
ID000098,ID000098,Demo Full_Name 98,2026-03-15,nationality_98,ID000098,ID000098,ID000098,address_98,pending,2026-03-15,risk_rating_98
ID000099,ID000099,Demo Full_Name 99,2026-03-16,nationality_99,ID000099,ID000099,ID000099,address_99,completed,2026-03-16,risk_rating_99
ID000100,ID000100,Demo Full_Name 100,2026-03-17,nationality_100,ID000100,ID000100,ID000100,address_100,completed,2026-03-17,risk_rating_100
